{
  "assisted": {
    "strategy_name": "Assisted (With AI)",
    "prevalence": 0.5763239875389408,
    "n": 321,
    "confusion_matrix": {
      "TP": 112,
      "FP": 25,
      "FN": 73,
      "TN": 111
    },
    "thresholds": [
      0.05,
      0.05408163265306123,
      0.05816326530612245,
      0.06224489795918368,
      0.0663265306122449,
      0.07040816326530613,
      0.07448979591836735,
      0.07857142857142857,
      0.0826530612244898,
      0.08673469387755103,
      0.09081632653061225,
      0.09489795918367347,
      0.0989795918367347,
      0.10306122448979593,
      0.10714285714285715,
      0.11122448979591837,
      0.1153061224489796,
      0.11938775510204082,
      0.12346938775510205,
      0.1275510204081633,
      0.1316326530612245,
      0.13571428571428573,
      0.13979591836734695,
      0.14387755102040817,
      0.14795918367346939,
      0.1520408163265306,
      0.15612244897959185,
      0.1602040816326531,
      0.1642857142857143,
      0.16836734693877553,
      0.17244897959183675,
      0.17653061224489797,
      0.18061224489795918,
      0.1846938775510204,
      0.18877551020408162,
      0.1928571428571429,
      0.1969387755102041,
      0.20102040816326533,
      0.20510204081632655,
      0.20918367346938777,
      0.21326530612244898,
      0.2173469387755102,
      0.22142857142857142,
      0.2255102040816327,
      0.2295918367346939,
      0.23367346938775513,
      0.23775510204081635,
      0.24183673469387756,
      0.24591836734693878,
      0.25
    ],
    "net_benefit_model": [
      0.3448106246925725,
      0.34445687861893287,
      0.34410006649048375,
      0.343740148271689,
      0.34337708322693766,
      0.3430108299051742,
      0.34264134612412284,
      0.34226858895409207,
      0.3418925147013469,
      0.3415130788910353,
      0.3411302362496547,
      0.34074394068704406,
      0.34035414527788654,
      0.3399608022427071,
      0.3395638629283489,
      0.3391632777879116,
      0.3387589963601347,
      0.3383509672482068,
      0.3379391380979839,
      0.33752345557559527,
      0.33710386534441794,
      0.33668031204139953,
      0.336252739252706,
      0.3358210894886733,
      0.335385304158039,
      0.33494532354143003,
      0.3345010867640799,
      0.3340525317677519,
      0.33359959528183825,
      0.3331422127936089,
      0.3326803185175795,
      0.3322138453639687,
      0.33174272490621226,
      0.3312668873475021,
      0.33078626148631435,
      0.3303007746808921,
      0.3298103528126447,
      0.32931492024842546,
      0.3288143998016468,
      0.32830871269219175,
      0.32779777850507696,
      0.3272815151478228,
      0.326759838806482,
      0.32623266390027866,
      0.3256999030348043,
      0.325161466953719,
      0.32461726448890055,
      0.3240672025089831,
      0.32351118586622485,
      0.32294911734164067
    ],
    "net_benefit_treat_all": [
      0.5540252500409902,
      0.5521008714003904,
      0.5501598134216272,
      0.548201858311384,
      0.5462267844679366,
      0.5442343663975433,
      0.5422243746286239,
      0.5401965756236566,
      0.538150731688723,
      0.5360866008806279,
      0.5340039369115174,
      0.5319024890509154,
      0.5297820020250985,
      0.5276422159137224,
      0.5254828660436136,
      0.5233036828796348,
      0.5211043919125282,
      0.5188847135436407,
      0.5166443629664283,
      0.5143830500446338,
      0.5121004791870293,
      0.5097963492186092,
      0.5074703532481162,
      0.5051221785317782,
      0.502751506333128,
      0.5003580117787749,
      0.49794136370999026,
      0.4955012245299659,
      0.49303725004659577,
      0.49054908931062813,
      0.4880363844490283,
      0.4854987704933853,
      0.4829358752031905,
      0.4803473188838072,
      0.47773271419894586,
      0.47509166597744873,
      0.47242377101418287,
      0.46972861786483006,
      0.4670057866343542,
      0.46425484875891865,
      0.4614753667810142,
      0.4586668941175514,
      0.4558289748206579,
      0.45296114333091164,
      0.4500629242227311,
      0.4471338319416271,
      0.44417337053301464,
      0.4411810333622637,
      0.4381563028256589,
      0.43509865005192105
    ],
    "net_benefit_treat_none": [
      0.0,
      0.0,
      0.0,
      0.0,
      0.0,
      0.0,
      0.0,
      0.0,
      0.0,
      0.0,
      0.0,
      0.0,
      0.0,
      0.0,
      0.0,
      0.0,
      0.0,
      0.0,
      0.0,
      0.0,
      0.0,
      0.0,
      0.0,
      0.0,
      0.0,
      0.0,
      0.0,
      0.0,
      0.0,
      0.0,
      0.0,
      0.0,
      0.0,
      0.0,
      0.0,
      0.0,
      0.0,
      0.0,
      0.0,
      0.0,
      0.0,
      0.0,
      0.0,
      0.0,
      0.0,
      0.0,
      0.0,
      0.0,
      0.0,
      0.0
    ]
  },
  "unaided": {
    "strategy_name": "Unaided (Without AI)",
    "prevalence": 0.5109034267912772,
    "n": 321,
    "confusion_matrix": {
      "TP": 99,
      "FP": 63,
      "FN": 65,
      "TN": 94
    },
    "thresholds": [
      0.05,
      0.05408163265306123,
      0.05816326530612245,
      0.06224489795918368,
      0.0663265306122449,
      0.07040816326530613,
      0.07448979591836735,
      0.07857142857142857,
      0.0826530612244898,
      0.08673469387755103,
      0.09081632653061225,
      0.09489795918367347,
      0.0989795918367347,
      0.10306122448979593,
      0.10714285714285715,
      0.11122448979591837,
      0.1153061224489796,
      0.11938775510204082,
      0.12346938775510205,
      0.1275510204081633,
      0.1316326530612245,
      0.13571428571428573,
      0.13979591836734695,
      0.14387755102040817,
      0.14795918367346939,
      0.1520408163265306,
      0.15612244897959185,
      0.1602040816326531,
      0.1642857142857143,
      0.16836734693877553,
      0.17244897959183675,
      0.17653061224489797,
      0.18061224489795918,
      0.1846938775510204,
      0.18877551020408162,
      0.1928571428571429,
      0.1969387755102041,
      0.20102040816326533,
      0.20510204081632655,
      0.20918367346938777,
      0.21326530612244898,
      0.2173469387755102,
      0.22142857142857142,
      0.2255102040816327,
      0.2295918367346939,
      0.23367346938775513,
      0.23775510204081635,
      0.24183673469387756,
      0.24591836734693878,
      0.25
    ],
    "net_benefit_model": [
      0.2980816527299557,
      0.2971902126243837,
      0.29629104606069195,
      0.2953840521493293,
      0.2944691282365558,
      0.2935461698657119,
      0.2926150707374625,
      0.291675722668985,
      0.2907280155520672,
      0.28977183731008194,
      0.2888070738538028,
      0.28783360903602395,
      0.286851324604947,
      0.2858601001562948,
      0.2848598130841121,
      0.2838503385302102,
      0.2828315493322122,
      0.28180331597015407,
      0.28076550651159243,
      0.27971798655517294,
      0.27866061917260615,
      0.27759326484899977,
      0.27651578142149197,
      0.27542802401612954,
      0.27432984498293134,
      0.27322109382907656,
      0.27210161715015424,
      0.2709712585594076,
      0.2698298586149053,
      0.2686772547445674,
      0.2675132811689733,
      0.266337768821874,
      0.2651505452683279,
      0.26395143462037823,
      0.26274025745018514,
      0.261516830700521,
      0.2602809675925376,
      0.259032477530705,
      0.25777116600482286,
      0.2564968344889961,
      0.2552092803374668,
      0.25390829667718623,
      0.25259367229700763,
      0.2512651915333752,
      0.24992263415237975,
      0.24856577522804482,
      0.2471943850167023,
      0.24580822882731032,
      0.2444070668875596,
      0.24299065420560745
    ],