{
  "assisted": {
    "strategy_name": "Assisted (With AI)",
    "prevalence": 0.5389408099688473,
    "n": 321,
    "confusion_matrix": {
      "TP": 126,
      "FP": 56,
      "FN": 47,
      "TN": 92
    },
    "thresholds": [
      0.05,
      0.05408163265306123,
      0.05816326530612245,
      0.06224489795918368,
      0.0663265306122449,
      0.07040816326530613,
      0.07448979591836735,
      0.07857142857142857,
      0.0826530612244898,
      0.08673469387755103,
      0.09081632653061225,
      0.09489795918367347,
      0.0989795918367347,
      0.10306122448979593,
      0.10714285714285715,
      0.11122448979591837,
      0.1153061224489796,
      0.11938775510204082,
      0.12346938775510205,
      0.1275510204081633,
      0.1316326530612245,
      0.13571428571428573,
      0.13979591836734695,
      0.14387755102040817,
      0.14795918367346939,
      0.1520408163265306,
      0.15612244897959185,
      0.1602040816326531,
      0.1642857142857143,
      0.16836734693877553,
      0.17244897959183675,
      0.17653061224489797,
      0.18061224489795918,
      0.1846938775510204,
      0.18877551020408162,
      0.1928571428571429,
      0.1969387755102041,
      0.20102040816326533,
      0.20510204081632655,
      0.20918367346938777,
      0.21326530612244898,
      0.2173469387755102,
      0.22142857142857142,
      0.2255102040816327,
      0.2295918367346939,
      0.23367346938775513,
      0.23775510204081635,
      0.24183673469387756,
      0.24591836734693878,
      0.25
    ],
    "net_benefit_model": [
      0.3833415313985899,
      0.38254914019363706,
      0.381749881025911,
      0.3809436642158109,
      0.3801303985155678,
      0.3793099910748176,
      0.3784823474052626,
      0.37764737134439375,
      0.37680496501824456,
      0.3759550288031466,
      0.375097461286454,
      0.3742321592262061,
      0.3733590175096933,
      0.37247792911089134,
      0.37158878504672893,
      0.37069147433214944,
      0.3697858839339291,
      0.3688718987232107,
      0.36794940142671145,
      0.3670182725765608,
      0.36607839045872365,
      0.3651296310599624,
      0.3641718680132888,
      0.3632049725418556,
      0.3622288134012349,
      0.36124325682003067,
      0.3602481664387664,
      0.35924340324699167,
      0.3582288255185451,
      0.3572042887449114,
      0.3561696455666056,
      0.3551247457025173,
      0.35406943587714296,
      0.3530035597456322,
      0.35192695781657163,
      0.3508394673724258,
      0.3497409223875516,
      0.34863115344370044,
      0.34750998764291624,
      0.3463772485177369,
      0.3452327559385998,
      0.3440763260183504,
      0.3429077710137472,
      0.3417268992238517,
      0.34053351488518907,
      0.33932741806355804,
      0.3381084045423647,
      0.3368762657073496,
      0.33563078842757116,
      0.3343717549325026
    ],
    "net_benefit_treat_all": [
      0.514674536809313,
      0.512580360053366,
      0.5104680322529473,
      0.5083373163976826,
      0.5061879713327545,
      0.5040197516679148,
      0.5018324076840908,
      0.4996256852375087,
      0.49739932566125733,
      0.4951530656642127,
      0.49288663722723947,
      0.4905997674965844,
      0.48829217867437186,
      0.4859635879061096,
      0.483613707165109,
      0.48124224313372027,
      0.4788488970812807,
      0.4764333647386678,
      0.47399533616934847,
      0.4715344956368074,
      0.4690505214682378,
      0.46654308591436877,
      0.4640118550053029,
      0.46145648840222925,
      0.45887663924487465,
      0.4562719539945492,
      0.4536420722726364,
      0.4509866266943746,
      0.44830524269776595,
      0.4455975383674483,
      0.44286312425335433,
      0.4401016031839781,
      0.4373125700740602,
      0.4344956117264961,
      0.4316503066282646,
      0.42877622474016475,
      0.4258729272801402,
      0.42293996649996213,
      0.41997688545503253,
      0.4169832177670585,
      0.413958487379339,
      0.41090220830439417,
      0.40781388436365706,
      0.40469300891893323,
      0.40153906459532496,
      0.3983515229953001,
      0.39512984440357474,
      0.3918734774824635,
      0.3885818589573347,
      0.38525441329179644
    ],
    "net_benefit_treat_none": [
      0.0,
      0.0,
      0.0,
      0.0,
      0.0,
      0.0,
      0.0,
      0.0,
      0.0,
      0.0,
      0.0,
      0.0,
      0.0,
      0.0,
      0.0,
      0.0,
      0.0,
      0.0,
      0.0,
      0.0,
      0.0,
      0.0,
      0.0,
      0.0,
      0.0,
      0.0,
      0.0,
      0.0,
      0.0,
      0.0,
      0.0,
      0.0,
      0.0,
      0.0,
      0.0,
      0.0,
      0.0,
      0.0,
      0.0,
      0.0,
      0.0,
      0.0,
      0.0,
      0.0,
      0.0,
      0.0,
      0.0,
      0.0,
      0.0,
      0.0
    ]
  },
  "unaided": {
    "strategy_name": "Unaided (Without AI)",
    "prevalence": 0.45482866043613707,
    "n": 321,
    "confusion_matrix": {
      "TP": 123,
      "FP": 139,
      "FN": 23,
      "TN": 36
    },
    "thresholds": [
      0.05,
      0.05408163265306123,
      0.05816326530612245,
      0.06224489795918368,
      0.0663265306122449,
      0.07040816326530613,
      0.07448979591836735,
      0.07857142857142857,
      0.0826530612244898,
      0.08673469387755103,
      0.09081632653061225,
      0.09489795918367347,
      0.0989795918367347,
      0.10306122448979593,
      0.10714285714285715,
      0.11122448979591837,
      0.1153061224489796,
      0.11938775510204082,
      0.12346938775510205,
      0.1275510204081633,
      0.1316326530612245,
      0.13571428571428573,
      0.13979591836734695,
      0.14387755102040817,
      0.14795918367346939,
      0.1520408163265306,
      0.15612244897959185,
      0.1602040816326531,
      0.1642857142857143,
      0.16836734693877553,
      0.17244897959183675,
      0.17653061224489797,
      0.18061224489795918,
      0.1846938775510204,
      0.18877551020408162,
      0.1928571428571429,
      0.1969387755102041,
      0.20102040816326533,
      0.20510204081632655,
      0.20918367346938777,
      0.21326530612244898,
      0.2173469387755102,
      0.22142857142857142,
      0.2255102040816327,
      0.2295918367346939,
      0.23367346938775513,
      0.23775510204081635,
      0.24183673469387756,
      0.24591836734693878,
      0.25
    ],
    "net_benefit_model": [
      0.36038694868011145,
      0.3584201205106749,
      0.3564362450764978,
      0.35443509977999926,
      0.35241645813118155,
      0.3503800896621767,
      0.34832575983953123,
      0.3462532299741602,
      0.3441622571288971,
      0.3420525940235646,
      0.33992398893748843,
      0.33777618560937317,
      0.33560892313445734,
      0.3334219358588597,
      0.331214953271028,
      0.3289876998901967,
      0.32673989515175683,
      0.32447125328943804,
      0.3221814832141989,
      0.31987028838971776,
      0.31753736670437194,
      0.3151824103395896,
      0.3128051056344534,
      0.3104051329464316,
      0.3079821665081053,
      0.30553587427975903,
      0.3030659177976923,
      0.3005719520181086,
      0.29805362515642886,
      0.29551057852187373,
      0.29294244634715033,
      0.29034885561307405,
      0.2877294258679485,
      0.28508376904151994,
      0.2824114892533161,
      0.2797121826151683,
      0.2769854370277128,
      0.2742308319706536,
      0.2714479382865643,
      0.26863631795799414,
      0.26579552387763594,
      0.26292509961130267,
      0.26002457915344823,
      0.25709348667495757,
      0.25413133626292006,
      0.2511376316520859,
      0.24811186594769521,
      0.2450535213393542,
      0.24196206880561844,
      0.23883696780893043
    ],