{
  "coefficients": {
    "Intercept": {
      "beta": 0.7537718217674899,
      "se_robust": 0.11852483276826241,
      "z": 6.359610928464678,
      "p_value": 2.0226531560751937e-10,
      "ci_lower": 0.5214631495416956,
      "ci_upper": 0.9860804939932842,
      "OR": 2.1250000412061087,
      "OR_ci_lower": 1.6844905090100233,
      "OR_ci_upper": 2.680706807769312
    },
    "Mode (Assisted vs Unaided)": {
      "beta": 0.07164333730589505,
      "se_robust": 0.118982931886672,
      "z": 0.6021312147034111,
      "p_value": 0.547086797959843,
      "ci_lower": -0.16156320919198208,
      "ci_upper": 0.30484988380377215,
      "OR": 1.0742721229379675,
      "OR_ci_lower": 0.8508127505791759,
      "OR_ci_upper": 1.356421366905986
    }
  },
  "correlation": {
    "structure": "exchangeable",
    "alpha": 0.10082731956019557
  },
  "model_info": {
    "n_obs": 650,
    "n_clusters": 321,
    "mean_cluster_size": 2.0249221183800623,
    "n_covariates": 2
  }
}