{
  "assisted": {
    "strategy_name": "Assisted (With AI)",
    "prevalence": 0.5825545171339563,
    "n": 321,
    "confusion_matrix": {
      "TP": 111,
      "FP": 21,
      "FN": 76,
      "TN": 113
    },
    "thresholds": [
      0.05,
      0.05408163265306123,
      0.05816326530612245,
      0.06224489795918368,
      0.0663265306122449,
      0.07040816326530613,
      0.07448979591836735,
      0.07857142857142857,
      0.0826530612244898,
      0.08673469387755103,
      0.09081632653061225,
      0.09489795918367347,
      0.0989795918367347,
      0.10306122448979593,
      0.10714285714285715,
      0.11122448979591837,
      0.1153061224489796,
      0.11938775510204082,
      0.12346938775510205,
      0.1275510204081633,
      0.1316326530612245,
      0.13571428571428573,
      0.13979591836734695,
      0.14387755102040817,
      0.14795918367346939,
      0.1520408163265306,
      0.15612244897959185,
      0.1602040816326531,
      0.1642857142857143,
      0.16836734693877553,
      0.17244897959183675,
      0.17653061224489797,
      0.18061224489795918,
      0.1846938775510204,
      0.18877551020408162,
      0.1928571428571429,
      0.1969387755102041,
      0.20102040816326533,
      0.20510204081632655,
      0.20918367346938777,
      0.21326530612244898,
      0.2173469387755102,
      0.22142857142857142,
      0.2255102040816327,
      0.2295918367346939,
      0.23367346938775513,
      0.23775510204081635,
      0.24183673469387756,
      0.24591836734693878,
      0.25
    ],
    "net_benefit_model": [
      0.3423512051155927,
      0.3420540584137354,
      0.3417543362258381,
      0.3414520049220506,
      0.3411470302844594,
      0.3408393774941781,
      0.34052901111809497,
      0.3402158950952691,
      0.3398999927229632,
      0.3395812666423014,
      0.33925967882354174,
      0.3389351905509488,
      0.3386077624072565,
      0.3382773542577057,
      0.33794392523364486,
      0.33760743371567753,
      0.3372678373163449,
      0.33692509286232547,
      0.3365791563761383,
      0.33622998305733176,
      0.33587752726314285,
      0.3355217424886074,
      0.33516258134610477,
      0.33479999554431733,
      0.3344339358665846,
      0.334064352148633,
      0.3336911932556589,
      0.3333144070587434,
      0.3329339404105759,
      0.33254973912046326,
      0.3321617479285986,
      0.33176991047956544,
      0.3313741692950501,
      0.3309744657457335,
      0.33057074002233583,
      0.33016293110578115,
      0.3297509767364533,
      0.32933481338250914,
      0.3289143762072151,
      0.3284895990352728,
      0.3280604143180964,
      0.3276267530980029,
      0.3271885449712767,
      0.32674571805006586,
      0.3262981989230674,
      0.32584591261495577,
      0.3253887825445082,
      0.3249267304813776,
      0.3244596765014607,
      0.32398753894080995
    ],
    "net_benefit_treat_all": [
      0.5605837022462699,
      0.5586876232915612,
      0.5567751102830739,
      0.5548459486303343,
      0.552899919990467,
      0.5509368021858148,
      0.5489563691193795,
      0.5469583906880147,
      0.5449426326933006,
      0.5429088567500304,
      0.5408568201922304,
      0.5387862759766372,
      0.5366969725835529,
      0.5345886539149911,
      0.5324610591900311,
      0.5303139228372873,
      0.5281469743844027,
      0.5259599383444695,
      0.523752534099275,
      0.5215244757792715,
      0.5192754721401612,
      0.5170052264359826,
      0.514713436288585,
      0.5123997935533697,
      0.5100639841811703,
      0.5077056880761459,
      0.5053245789495492,
      0.502920324169231,
      0.5004925846047341,
      0.4980410144678248,
      0.4955652611483073,
      0.4930649650449532,
      0.49053975939137884,
      0.48798927007669235,
      0.4854131154607261,
      0.48281090618366274,
      0.4801822449698567,
      0.47752672642564137,
      0.47484393683090786,
      0.4721334539242287,
      0.4693948466812934,
      0.46662767508641095,
      0.46383148989682466,
      0.4610058323995747,
      0.45815023416063205,
      0.4552642167660149,
      0.45234729155458797,
      0.4493989593422304,
      0.44641871013704626,
      0.44340602284527514
    ],
    "net_benefit_treat_none": [
      0.0,
      0.0,
      0.0,
      0.0,
      0.0,
      0.0,
      0.0,
      0.0,
      0.0,
      0.0,
      0.0,
      0.0,
      0.0,
      0.0,
      0.0,
      0.0,
      0.0,
      0.0,
      0.0,
      0.0,
      0.0,
      0.0,
      0.0,
      0.0,
      0.0,
      0.0,
      0.0,
      0.0,
      0.0,
      0.0,
      0.0,
      0.0,
      0.0,
      0.0,
      0.0,
      0.0,
      0.0,
      0.0,
      0.0,
      0.0,
      0.0,
      0.0,
      0.0,
      0.0,
      0.0,
      0.0,
      0.0,
      0.0,
      0.0,
      0.0
    ]
  },
  "unaided": {
    "strategy_name": "Unaided (Without AI)",
    "prevalence": 0.5482866043613707,
    "n": 321,
    "confusion_matrix": {
      "TP": 110,
      "FP": 36,
      "FN": 66,
      "TN": 109
    },
    "thresholds": [
      0.05,
      0.05408163265306123,
      0.05816326530612245,
      0.06224489795918368,
      0.0663265306122449,
      0.07040816326530613,
      0.07448979591836735,
      0.07857142857142857,
      0.0826530612244898,
      0.08673469387755103,
      0.09081632653061225,
      0.09489795918367347,
      0.0989795918367347,
      0.10306122448979593,
      0.10714285714285715,
      0.11122448979591837,
      0.1153061224489796,
      0.11938775510204082,
      0.12346938775510205,
      0.1275510204081633,
      0.1316326530612245,
      0.13571428571428573,
      0.13979591836734695,
      0.14387755102040817,
      0.14795918367346939,
      0.1520408163265306,
      0.15612244897959185,
      0.1602040816326531,
      0.1642857142857143,
      0.16836734693877553,
      0.17244897959183675,
      0.17653061224489797,
      0.18061224489795918,
      0.1846938775510204,
      0.18877551020408162,
      0.1928571428571429,
      0.1969387755102041,
      0.20102040816326533,
      0.20510204081632655,
      0.20918367346938777,
      0.21326530612244898,
      0.2173469387755102,
      0.22142857142857142,
      0.2255102040816327,
      0.2295918367346939,
      0.23367346938775513,
      0.23775510204081635,
      0.24183673469387756,
      0.24591836734693878,
      0.25
    ],
    "net_benefit_model": [
      0.3367765207411051,
      0.33626712639506395,
      0.33575331693009725,
      0.33523503469503285,
      0.33471222103059084,
      0.3341848162472515,
      0.33365275960253754,
      0.33311598927769326,
      0.33257444235374023,
      0.3320280547868915,
      0.3314767613833034,
      0.3309204957731441,
      0.3303591903839572,
      0.32979277641329885,
      0.32922118380062304,
      0.32864434119839336,
      0.3280621759423945,
      0.3274746140212184,
      0.32688158004489754,
      0.3262829972126578,
      0.32567878727976246,
      0.32506887052341593,
      0.3244531657076972,
      0.3238315900474901,
      0.32320405917137685,
      0.32257048708345987,
      0.32193078612407566,
      0.3212848669293633,
      0.32063263838964773,
      0.31997400760659744,
      0.31930887984911516,
      0.3186371585079155,
      0.3179587450487463,
      0.3172735389642037,
      0.3165814377240933,
      0.3158823367242853,
      0.315176129234009,
      0.3144627063415333,
      0.313741956898172,
      0.3130137674605567,
      0.3122780222311114,
      0.3115346029966654,
      0.31078338906513475,
      0.31002425720020194,
      0.30925708155391884,
      0.308481733597156,
      0.3076980820478174,
      0.3069059927967363,
      0.3061053288311644,
      0.3052959501557632
    ],