{
  "coefficients": {
    "Intercept": {
      "beta": -0.018462063797885692,
      "se_robust": 0.11094488234558357,
      "z": -0.16640752964501765,
      "p_value": 0.867836248771809,
      "ci_lower": -0.2359140331952295,
      "ci_upper": 0.1989899055994581,
      "OR": 0.9817073161325476,
      "OR_ci_lower": 0.7898485717722485,
      "OR_ci_upper": 1.2201696489565408
    },
    "Mode (Assisted vs Unaided)": {
      "beta": 0.7722338302516439,
      "se_robust": 0.12933932030076423,
      "z": 5.9706037456815135,
      "p_value": 2.363772066971137e-09,
      "ci_lower": 0.518728762462146,
      "ci_upper": 1.025738898041142,
      "OR": 2.164596197607962,
      "OR_ci_lower": 1.6798907515512278,
      "OR_ci_upper": 2.78915560096526
    }
  },
  "correlation": {
    "structure": "exchangeable",
    "alpha": 0.08245420885620484
  },
  "model_info": {
    "n_obs": 650,
    "n_clusters": 321,
    "mean_cluster_size": 2.0249221183800623,
    "n_covariates": 2
  }
}