{
  "coefficients": {
    "Intercept": {
      "beta": 0.4183022796264539,
      "se_robust": 0.11313664037408377,
      "z": 3.697319261411217,
      "p_value": 0.00021788824607615886,
      "ci_lower": 0.1965544644932497,
      "ci_upper": 0.6400500947596581,
      "OR": 1.5193798825774525,
      "OR_ci_lower": 1.2172016133419383,
      "OR_ci_upper": 1.8965758854384311
    },
    "Mode (Assisted vs Unaided)": {
      "beta": 0.4071128681256906,
      "se_robust": 0.10149330468347316,
      "z": 4.01122881351979,
      "p_value": 6.04035327478325e-05,
      "ci_lower": 0.2081859909460832,
      "ci_upper": 0.6060397453052979,
      "OR": 1.5024736774800205,
      "OR_ci_lower": 1.2314421853478745,
      "OR_ci_upper": 1.8331572349721212
    }
  },
  "correlation": {
    "structure": "exchangeable",
    "alpha": 0.13363233090133794
  },
  "model_info": {
    "n_obs": 650,
    "n_clusters": 321,
    "mean_cluster_size": 2.0249221183800623,
    "n_covariates": 2
  }
}